{"cameraMode":{"drawMode":0,"name":"Shaded","section":"Shading Mode"},"sceneLighting":true,"audioPlay":false,"sceneViewState":{"m_AlwaysRefresh":false,"showFog":true,"showSkybox":true,"showFlares":true,"showImageEffects":true,"showParticleSystems":true,"showVisualEffectGraphs":true,"m_FxEnabled":true},"in2DMode":false,"pivot":{"x":328.33282470703127,"y":432.5063171386719,"z":-6.315409183502197},"rotation":{"x":-0.0008694178541190922,"y":-0.6946893930435181,"z":0.7193120718002319,"w":-0.0008396112825721502},"size":785.0072631835938,"orthographic":true}