{"cameraMode":{"drawMode":0,"name":"Shaded","section":"Shading Mode"},"sceneLighting":true,"audioPlay":false,"sceneViewState":{"m_AlwaysRefresh":false,"showFog":true,"showSkybox":true,"showFlares":true,"showImageEffects":true,"showParticleSystems":true,"showVisualEffectGraphs":true,"m_FxEnabled":true},"in2DMode":false,"pivot":{"x":19.67711639404297,"y":-6.686223983764648,"z":19.126476287841798},"rotation":{"x":0.6132973432540894,"y":-0.19297024607658387,"z":0.15791134536266328,"w":0.7494634985923767},"size":29.462444305419923,"orthographic":false}